,coeff,|coeff|,signe_coeff
AMT_ANNUITY,0.19461841461306117,0.19461841461306117,1
AMT_CREDIT,0.45879282159965395,0.45879282159965395,1
AMT_GOODS_PRICE,-0.6780206777158148,0.6780206777158148,-1
AMT_INCOME_TOTAL,0.13272407912296288,0.13272407912296288,1
AMT_REQ_CREDIT_BUREAU_DAY,0.007074288464566949,0.007074288464566949,1
AMT_REQ_CREDIT_BUREAU_HOUR,-0.0012706943009240395,0.0012706943009240395,-1
AMT_REQ_CREDIT_BUREAU_MON,-0.021003018587886012,0.021003018587886012,-1
AMT_REQ_CREDIT_BUREAU_QRT,-0.039549328820762925,0.039549328820762925,-1
AMT_REQ_CREDIT_BUREAU_WEEK,-0.011991283925297452,0.011991283925297452,-1
AMT_REQ_CREDIT_BUREAU_YEAR,-0.025912268553764342,0.025912268553764342,-1
ANNUITY_INCOME_PERC,0.09500123675106847,0.09500123675106847,1
APARTMENTS_AVG,0.03996101517222405,0.03996101517222405,1
APARTMENTS_MEDI,-0.012806710198119436,0.012806710198119436,-1
APARTMENTS_MODE,-0.022416287650473262,0.022416287650473262,-1
BASEMENTAREA_AVG,-0.13192256826583212,0.13192256826583212,-1
BASEMENTAREA_MEDI,0.07667305497267815,0.07667305497267815,1
BASEMENTAREA_MODE,0.05745170979345103,0.05745170979345103,1
BURO_AMT_ANNUITY_MEAN,0.0021851115775551257,0.0021851115775551257,1
BURO_AMT_CREDIT_MAX_OVERDUE_MEAN,0.025165795647403573,0.025165795647403573,1
BURO_AMT_CREDIT_SUM_DEBT_MEAN,0.033806900334663575,0.033806900334663575,1
BURO_AMT_CREDIT_SUM_LIMIT_MEAN,-0.0580470938687251,0.0580470938687251,-1
BURO_AMT_CREDIT_SUM_MEAN,-0.06463910849543976,0.06463910849543976,-1
BURO_AMT_CREDIT_SUM_OVERDUE_MEAN,0.007930218697889149,0.007930218697889149,1
BURO_CNT_CREDIT_PROLONG_MEAN,-0.0004992906668800594,0.0004992906668800594,-1
BURO_CREDIT_ACTIVE_LIST_PROPORTION,-0.0030794923948984565,0.0030794923948984565,-1
BURO_CREDIT_CURRENCY_LIST_PROPORTION,0.0013001162095894745,0.0013001162095894745,1
BURO_CREDIT_DAY_OVERDUE_MEAN,0.0039544575422137,0.0039544575422137,1
BURO_CREDIT_TYPE_LIST_PROPORTION,-0.0004804703397602144,0.0004804703397602144,-1
BURO_DAYS_CREDIT_ENDDATE_MEAN,0.005213263249018798,0.005213263249018798,1
BURO_DAYS_CREDIT_MEAN,0.014254141102545843,0.014254141102545843,1
BURO_DAYS_CREDIT_UPDATE_MEAN,0.004989671814180225,0.004989671814180225,1
BURO_DAYS_ENDDATE_FACT_MEAN,-0.027740683033312938,0.027740683033312938,-1
BURO_DPD_classe_LIST_CLASSE,0.0027453675730300868,0.0027453675730300868,1
BURO_DPD_classe_LIST_PROPORTION,0.01414571169334358,0.01414571169334358,1
BURO_DPD_proportion_MEAN,-0.042947030003372424,0.042947030003372424,-1
BURO_MONTHS_BALANCE_MEAN,-0.011300663985545202,0.011300663985545202,-1
BURO_SK_ID_BUREAU_COUNT,0.022998394070291407,0.022998394070291407,1
CC_AMT_BALANCE_MEAN,0.12165696250674053,0.12165696250674053,1
CC_AMT_CREDIT_LIMIT_ACTUAL_MEAN,-0.07050113716872197,0.07050113716872197,-1
CC_AMT_DRAWINGS_ATM_CURRENT_MEAN,0.00043745312526101106,0.00043745312526101106,1
CC_AMT_DRAWINGS_CURRENT_MEAN,-0.004465255428174932,0.004465255428174932,-1
CC_AMT_DRAWINGS_OTHER_CURRENT_MEAN,-0.00872526996171588,0.00872526996171588,-1
CC_AMT_DRAWINGS_POS_CURRENT_MEAN,-0.01961447767497822,0.01961447767497822,-1
CC_AMT_INST_MIN_REGULARITY_MEAN,-0.14730719157545463,0.14730719157545463,-1
CC_AMT_PAYMENT_CURRENT_MEAN,-0.007673515332934023,0.007673515332934023,-1
CC_AMT_PAYMENT_TOTAL_CURRENT_MEAN,-0.008242755906405419,0.008242755906405419,-1
CC_AMT_RECEIVABLE_PRINCIPAL_MEAN,-0.03525868876489023,0.03525868876489023,-1
CC_AMT_RECIVABLE_MEAN,0.08763105167996466,0.08763105167996466,1
CC_AMT_TOTAL_RECEIVABLE_MEAN,0.09138896580234004,0.09138896580234004,1
CC_CNT_DRAWINGS_ATM_CURRENT_MEAN,0.07370394363143552,0.07370394363143552,1
CC_CNT_DRAWINGS_CURRENT_MEAN,-0.0006660894855585584,0.0006660894855585584,-1
CC_CNT_DRAWINGS_OTHER_CURRENT_MEAN,0.01757437110914044,0.01757437110914044,1
CC_CNT_DRAWINGS_POS_CURRENT_MEAN,0.04068428445022145,0.04068428445022145,1
CC_CNT_INSTALMENT_MATURE_CUM_MEAN,-0.05399574701249841,0.05399574701249841,-1
CC_COUNT,-0.001966591646273138,0.001966591646273138,-1
CC_MONTHS_BALANCE_COUNT,-0.001966591646273138,0.001966591646273138,-1
CC_NAME_CONTRACT_STATUS_LIST_PROPORTION,0.020871167638455847,0.020871167638455847,1
CC_SK_DPD_DEF_MEAN,0.0034385513259991064,0.0034385513259991064,1
CC_SK_DPD_MEAN,0.005705271454124875,0.005705271454124875,1
CC_SK_ID_PREV_NUNIQUE,0.010784825415762155,0.010784825415762155,1
CNT_CHILDREN,0.035506344318145366,0.035506344318145366,1
CNT_FAM_MEMBERS,-0.016735328131233927,0.016735328131233927,-1
COMMONAREA_AVG,0.03037083656109831,0.03037083656109831,1
COMMONAREA_MEDI,-0.10941828822999954,0.10941828822999954,-1
COMMONAREA_MODE,0.07613343681773796,0.07613343681773796,1
DAYS_BIRTH,0.04632187520599711,0.04632187520599711,1
DAYS_EMPLOYED,0.07120489492676821,0.07120489492676821,1
DAYS_EMPLOYED_PERC,-0.05026062694241369,0.05026062694241369,-1
DAYS_ID_PUBLISH,0.05849033112940893,0.05849033112940893,1
DAYS_LAST_PHONE_CHANGE,0.04435873107998177,0.04435873107998177,1
DAYS_REGISTRATION,0.031802681247074464,0.031802681247074464,1
DEF_30_CNT_SOCIAL_CIRCLE,0.049865070963554164,0.049865070963554164,1
DEF_60_CNT_SOCIAL_CIRCLE,0.02860908315316085,0.02860908315316085,1
ELEVATORS_AVG,-0.07046778277921825,0.07046778277921825,-1
ELEVATORS_MEDI,-0.04906442104872963,0.04906442104872963,-1
ELEVATORS_MODE,0.11949589463640563,0.11949589463640563,1
ENTRANCES_AVG,0.01430248703537821,0.01430248703537821,1
ENTRANCES_MEDI,-0.010832918182752619,0.010832918182752619,-1
ENTRANCES_MODE,-0.03194289257199944,0.03194289257199944,-1
EXT_SOURCE_1,-0.17666764035495902,0.17666764035495902,-1
EXT_SOURCE_2,-0.3718515137271902,0.3718515137271902,-1
EXT_SOURCE_3,-0.4152587387622089,0.4152587387622089,-1
FLAG_CONT_MOBILE,-0.009950664326542341,0.009950664326542341,-1
FLAG_DOCUMENT_10,-0.023553277865361516,0.023553277865361516,-1
FLAG_DOCUMENT_11,-0.01019807336407055,0.01019807336407055,-1
FLAG_DOCUMENT_12,-0.008783909230271683,0.008783909230271683,-1
FLAG_DOCUMENT_13,-0.04724919804967162,0.04724919804967162,-1
FLAG_DOCUMENT_14,-0.03374646982474943,0.03374646982474943,-1
FLAG_DOCUMENT_15,-0.01919573005640852,0.01919573005640852,-1
FLAG_DOCUMENT_16,-0.04961626258301219,0.04961626258301219,-1
FLAG_DOCUMENT_17,-0.012660315590366256,0.012660315590366256,-1
FLAG_DOCUMENT_18,-0.0469660611459072,0.0469660611459072,-1
FLAG_DOCUMENT_19,-0.0012774613963285443,0.0012774613963285443,-1
FLAG_DOCUMENT_2,0.012411212063416228,0.012411212063416228,1
FLAG_DOCUMENT_20,0.012642852098373377,0.012642852098373377,1
FLAG_DOCUMENT_21,-0.002172542070520163,0.002172542070520163,-1
FLAG_DOCUMENT_3,0.18513872883451804,0.18513872883451804,1
FLAG_DOCUMENT_4,-0.03958309672198129,0.03958309672198129,-1
FLAG_DOCUMENT_5,0.042051047252150996,0.042051047252150996,1
FLAG_DOCUMENT_6,0.09903816765224253,0.09903816765224253,1
FLAG_DOCUMENT_7,0.0039269001620118125,0.0039269001620118125,1
FLAG_DOCUMENT_8,0.0716124571875811,0.0716124571875811,1
FLAG_DOCUMENT_9,0.014325123196490182,0.014325123196490182,1
FLAG_EMAIL,-0.02425627238850761,0.02425627238850761,-1
FLAG_EMP_PHONE,-0.013314429360235686,0.013314429360235686,-1
FLAG_MOBIL,0.008267389682824203,0.008267389682824203,1
FLAG_PHONE,-0.029554669660470906,0.029554669660470906,-1
FLAG_WORK_PHONE,0.055866553262406964,0.055866553262406964,1
FLOORSMAX_AVG,0.01247243479237301,0.01247243479237301,1
FLOORSMAX_MEDI,-0.006681499666767933,0.006681499666767933,-1
FLOORSMAX_MODE,-0.031132369627246193,0.031132369627246193,-1
FLOORSMIN_AVG,0.011800541792220258,0.011800541792220258,1
FLOORSMIN_MEDI,0.006430924840068675,0.006430924840068675,1
FLOORSMIN_MODE,-0.019803955792808997,0.019803955792808997,-1
HOUR_APPR_PROCESS_START,0.008016274882566773,0.008016274882566773,1
INCOME_CREDIT_PERC,-0.05800366204430562,0.05800366204430562,-1
INCOME_PER_PERSON,0.023612973650495223,0.023612973650495223,1
INSTAL_AMT_INSTALMENT_MEAN,-0.022659166146245326,0.022659166146245326,-1
INSTAL_AMT_PAYMENT_MEAN,9.06433727831882e-05,9.06433727831882e-05,1
INSTAL_COUNT,0.07348137873024548,0.07348137873024548,1
INSTAL_DAYS_ENTRY_PAYMENT_MEAN,-0.06706163787789472,0.06706163787789472,-1
INSTAL_DAYS_INSTALMENT_MEAN,0.038273353067957164,0.038273353067957164,1
INSTAL_DBD_MEAN,-0.051211012113562444,0.051211012113562444,-1
INSTAL_DPD_MEAN,0.047195319628123504,0.047195319628123504,1
INSTAL_NUM_INSTALMENT_VERSION_NUNIQUE,-0.0026972996213551507,0.0026972996213551507,-1
INSTAL_PAYMENT_DIFF_MEAN,0.12773821308631578,0.12773821308631578,1
INSTAL_PAYMENT_PERC_MEAN,-0.007218249844152727,0.007218249844152727,-1
INSTAL_SK_ID_PREV_NUNIQUE,0.12410987999962662,0.12410987999962662,1
LANDAREA_AVG,0.051193919847244126,0.051193919847244126,1
LANDAREA_MEDI,-0.01189787259059966,0.01189787259059966,-1
LANDAREA_MODE,-0.0351041051730558,0.0351041051730558,-1
LIVE_CITY_NOT_WORK_CITY,0.029380142478305723,0.029380142478305723,1
LIVE_REGION_NOT_WORK_REGION,-0.025187197544302056,0.025187197544302056,-1
LIVINGAPARTMENTS_AVG,-0.00025149828052076293,0.00025149828052076293,-1
LIVINGAPARTMENTS_MEDI,0.10411309353131631,0.10411309353131631,1
LIVINGAPARTMENTS_MODE,-0.08435363471735431,0.08435363471735431,-1
LIVINGAREA_AVG,0.06007938077342554,0.06007938077342554,1
LIVINGAREA_MEDI,-0.07289071976071382,0.07289071976071382,-1
LIVINGAREA_MODE,0.002258544550800089,0.002258544550800089,1
NONLIVINGAPARTMENTS_AVG,-0.10626414439639865,0.10626414439639865,-1
NONLIVINGAPARTMENTS_MEDI,0.031658459976912544,0.031658459976912544,1
NONLIVINGAPARTMENTS_MODE,0.08896237109750921,0.08896237109750921,1
NONLIVINGAREA_AVG,0.07519887628515581,0.07519887628515581,1
NONLIVINGAREA_MEDI,-0.020666428665337553,0.020666428665337553,-1
NONLIVINGAREA_MODE,-0.06757414562564988,0.06757414562564988,-1
OBS_30_CNT_SOCIAL_CIRCLE,0.05587818004831937,0.05587818004831937,1
OBS_60_CNT_SOCIAL_CIRCLE,-0.05930301156300007,0.05930301156300007,-1
OWN_CAR_AGE,0.03852193943567625,0.03852193943567625,1
PAYMENT_RATE,-0.12789611117927924,0.12789611117927924,-1
POS_CNT_INSTALMENT_FUTURE_MEAN,0.3785164976392914,0.3785164976392914,1
POS_CNT_INSTALMENT_MEAN,-0.28544821831636985,0.28544821831636985,-1
POS_COUNT,-0.018450230407832786,0.018450230407832786,-1
POS_MONTHS_BALANCE_COUNT,-0.018450230407832786,0.018450230407832786,-1
POS_NAME_CONTRACT_STATUS_LIST_PROPORTION,-0.04943783276861426,0.04943783276861426,-1
POS_SK_DPD_DEF_MEAN,-0.006780918239228431,0.006780918239228431,-1
POS_SK_DPD_MEAN,0.057856090690388745,0.057856090690388745,1
POS_SK_ID_PREV_NUNIQUE,-0.2036137148769954,0.2036137148769954,-1
PREV_AMT_ANNUITY_MEAN,-0.16094068382548585,0.16094068382548585,-1
PREV_AMT_APPLICATION_MEAN,-0.13451864336562788,0.13451864336562788,-1
PREV_AMT_CREDIT_MEAN,0.18631876944701978,0.18631876944701978,1
PREV_AMT_DOWN_PAYMENT_MEAN,0.02131091357827381,0.02131091357827381,1
PREV_AMT_GOODS_PRICE_MEAN,0.031879543161791236,0.031879543161791236,1
PREV_APP_CREDIT_PERC_MEAN,-0.014607514349495395,0.014607514349495395,-1
PREV_CHANNEL_TYPE_LIST_PROPORTION,-0.003858255603268016,0.003858255603268016,-1
PREV_CNT_PAYMENT_MEAN,0.07208308913038983,0.07208308913038983,1
PREV_CODE_REJECT_REASON_LIST_PROPORTION,-0.09642904097073494,0.09642904097073494,-1
PREV_DAYS_DECISION_MEAN,0.01557898608830722,0.01557898608830722,1
PREV_DAYS_FIRST_DRAWING_MEAN,0.041831030485588505,0.041831030485588505,1
PREV_DAYS_FIRST_DUE_MEAN,-0.05442508373142758,0.05442508373142758,-1
PREV_DAYS_LAST_DUE_1ST_VERSION_MEAN,0.06748011855132163,0.06748011855132163,1
PREV_DAYS_LAST_DUE_MEAN,-0.03984484873805173,0.03984484873805173,-1
PREV_DAYS_TERMINATION_MEAN,-0.02625926022548839,0.02625926022548839,-1
PREV_FLAG_LAST_APPL_PER_CONTRACT_LIST_PROPORTION,-0.0038559257378850023,0.0038559257378850023,-1
PREV_HOUR_APPR_PROCESS_START_MEAN,-0.016454175659456054,0.016454175659456054,-1
PREV_NAME_CASH_LOAN_PURPOSE_LIST_PROPORTION,-0.03760721884102014,0.03760721884102014,-1
PREV_NAME_CLIENT_TYPE_LIST_PROPORTION,0.022534657870300626,0.022534657870300626,1
PREV_NAME_CONTRACT_STATUS_LIST_PROPORTION,0.02786163435231179,0.02786163435231179,1
PREV_NAME_CONTRACT_TYPE_LIST_PROPORTION,-0.033422419709274016,0.033422419709274016,-1
PREV_NAME_GOODS_CATEGORY_LIST_PROPORTION,0.01589293903365602,0.01589293903365602,1
PREV_NAME_PAYMENT_TYPE_LIST_PROPORTION,-0.010141907637576095,0.010141907637576095,-1
PREV_NAME_PORTFOLIO_LIST_PROPORTION,-0.006594448311670182,0.006594448311670182,-1
PREV_NAME_PRODUCT_TYPE_LIST_PROPORTION,-0.04689942296601273,0.04689942296601273,-1
PREV_NAME_SELLER_INDUSTRY_LIST_PROPORTION,0.02476429787040152,0.02476429787040152,1
PREV_NAME_TYPE_SUITE_LIST_PROPORTION,0.03474377292818585,0.03474377292818585,1
PREV_NAME_YIELD_GROUP_LIST_PROPORTION,0.026264085066181036,0.026264085066181036,1
PREV_NFLAG_INSURED_ON_APPROVAL_LIST_CLASSE,-0.00623228841188992,0.00623228841188992,-1
PREV_NFLAG_INSURED_ON_APPROVAL_LIST_PROPORTION,0.0031467784561694722,0.0031467784561694722,1
PREV_NFLAG_LAST_APPL_IN_DAY_LIST_CLASSE,-0.006330676341469086,0.006330676341469086,-1
PREV_NFLAG_LAST_APPL_IN_DAY_LIST_PROPORTION,0.007879830596495165,0.007879830596495165,1
PREV_PRODUCT_COMBINATION_LIST_PROPORTION,0.025746941076398324,0.025746941076398324,1
PREV_RATE_DOWN_PAYMENT_MEAN,-0.07032727764188909,0.07032727764188909,-1
PREV_SELLERPLACE_AREA_MEAN,-0.10583861689662104,0.10583861689662104,-1
PREV_SK_ID_PREV_COUNT,0.05650677414624085,0.05650677414624085,1
PREV_WEEKDAY_APPR_PROCESS_START_LIST_PROPORTION,0.008095319263807941,0.008095319263807941,1
REGION_POPULATION_RELATIVE,0.02874079827872765,0.02874079827872765,1
REGION_RATING_CLIENT,-0.01881592774765856,0.01881592774765856,-1
REGION_RATING_CLIENT_W_CITY,0.0990888200188578,0.0990888200188578,1
REG_CITY_NOT_LIVE_CITY,0.05824527206932255,0.05824527206932255,1
REG_CITY_NOT_WORK_CITY,-0.038257816832468934,0.038257816832468934,-1
REG_REGION_NOT_LIVE_REGION,-0.027229146083031217,0.027229146083031217,-1
REG_REGION_NOT_WORK_REGION,0.0230876579192143,0.0230876579192143,1
TOTALAREA_MODE,0.015040369562169377,0.015040369562169377,1
YEARS_BEGINEXPLUATATION_AVG,0.03656687404764719,0.03656687404764719,1
YEARS_BEGINEXPLUATATION_MEDI,-0.02610688448323842,0.02610688448323842,-1
YEARS_BEGINEXPLUATATION_MODE,-0.026019359058788126,0.026019359058788126,-1
YEARS_BUILD_AVG,0.10659526402732072,0.10659526402732072,1
YEARS_BUILD_MEDI,-0.07416917877450971,0.07416917877450971,-1
YEARS_BUILD_MODE,-0.04684662475409834,0.04684662475409834,-1
NAME_CONTRACT_TYPE_Cash loans,-0.047291017588038636,0.047291017588038636,-1
NAME_CONTRACT_TYPE_Revolving loans,0.04520212186118472,0.04520212186118472,1
CODE_GENDER_M,0.1783907927278009,0.1783907927278009,1
CODE_GENDER_F,-0.1804796884546696,0.1804796884546696,-1
FLAG_OWN_CAR_N,0.12612258170834062,0.12612258170834062,1
FLAG_OWN_CAR_Y,-0.12821147743519865,0.12821147743519865,-1
FLAG_OWN_REALTY_Y,0.00886828276803944,0.00886828276803944,1
FLAG_OWN_REALTY_N,-0.010957178494895236,0.010957178494895236,-1
NAME_TYPE_SUITE_Unaccompanied,0.015064638875641544,0.015064638875641544,1
NAME_TYPE_SUITE_Family,0.0018231005831794785,0.0018231005831794785,1
"NAME_TYPE_SUITE_Spouse, partner",-0.08213801168442257,0.08213801168442257,-1
NAME_TYPE_SUITE_Children,0.09376916062634447,0.09376916062634447,1
NAME_TYPE_SUITE_Other_A,0.008437508790603012,0.008437508790603012,1
NAME_TYPE_SUITE_manquant,0.0,0.0,0
NAME_TYPE_SUITE_Other_B,0.07759879560836613,0.07759879560836613,1
NAME_TYPE_SUITE_Group of people,0.00016729013734029886,0.00016729013734029886,1
NAME_INCOME_TYPE_Working,0.06692739674070497,0.06692739674070497,1
NAME_INCOME_TYPE_State servant,-0.04003739145441592,0.04003739145441592,-1
NAME_INCOME_TYPE_Commercial associate,-0.008565488445567456,0.008565488445567456,-1
NAME_INCOME_TYPE_Pensioner,-0.08727656539368679,0.08727656539368679,-1
NAME_INCOME_TYPE_Unemployed,0.059630085448233894,0.059630085448233894,1
NAME_INCOME_TYPE_Student,-0.020072303700877096,0.020072303700877096,-1
NAME_INCOME_TYPE_Businessman,-0.010606424145910875,0.010606424145910875,-1
NAME_INCOME_TYPE_Maternity leave,0.037911795224664466,0.037911795224664466,1
NAME_EDUCATION_TYPE_Secondary / secondary special,0.11569225937997961,0.11569225937997961,1
NAME_EDUCATION_TYPE_Higher education,-0.12031679145769408,0.12031679145769408,-1
NAME_EDUCATION_TYPE_Incomplete higher,-0.05464621871092733,0.05464621871092733,-1
NAME_EDUCATION_TYPE_Lower secondary,0.16050061216626124,0.16050061216626124,1
NAME_EDUCATION_TYPE_Academic degree,-0.10331875710447753,0.10331875710447753,-1
NAME_FAMILY_STATUS_Single / not married,0.018426350528001553,0.018426350528001553,1
NAME_FAMILY_STATUS_Married,-0.1050766213235814,0.1050766213235814,-1
NAME_FAMILY_STATUS_Civil marriage,0.0654855471016527,0.0654855471016527,1
NAME_FAMILY_STATUS_Widow,-0.026897193161364834,0.026897193161364834,-1
NAME_FAMILY_STATUS_Separated,0.04879877448330519,0.04879877448330519,1
NAME_FAMILY_STATUS_Unknown,-0.0028257533548625697,0.0028257533548625697,-1
NAME_HOUSING_TYPE_House / apartment,-0.005254611720210406,0.005254611720210406,-1
NAME_HOUSING_TYPE_Rented apartment,0.07899606629515375,0.07899606629515375,1
NAME_HOUSING_TYPE_With parents,-0.010758206146859902,0.010758206146859902,-1
NAME_HOUSING_TYPE_Municipal apartment,0.12102043830225671,0.12102043830225671,1
NAME_HOUSING_TYPE_Office apartment,-0.14437364901500635,0.14437364901500635,-1
NAME_HOUSING_TYPE_Co-op apartment,-0.04171893344219002,0.04171893344219002,-1
OCCUPATION_TYPE_Laborers,0.06655017035632843,0.06655017035632843,1
OCCUPATION_TYPE_Core staff,-0.0690102825439154,0.0690102825439154,-1
OCCUPATION_TYPE_Accountants,-0.12680104936294134,0.12680104936294134,-1
OCCUPATION_TYPE_Managers,0.023714277299720088,0.023714277299720088,1
OCCUPATION_TYPE_manquant,0.0,0.0,0
OCCUPATION_TYPE_Drivers,0.18681884104830004,0.18681884104830004,1
OCCUPATION_TYPE_Sales staff,0.05358397422464779,0.05358397422464779,1
OCCUPATION_TYPE_Cleaning staff,0.10340762802393826,0.10340762802393826,1
OCCUPATION_TYPE_Cooking staff,0.06850489110309044,0.06850489110309044,1
OCCUPATION_TYPE_Private service staff,-0.008667670694700702,0.008667670694700702,-1
OCCUPATION_TYPE_Medicine staff,-0.0660500361407213,0.0660500361407213,-1
OCCUPATION_TYPE_Security staff,0.10664385583932429,0.10664385583932429,1
OCCUPATION_TYPE_High skill tech staff,-0.05473898189729096,0.05473898189729096,-1
OCCUPATION_TYPE_Waiters/barmen staff,0.13273504498737776,0.13273504498737776,1
OCCUPATION_TYPE_Low-skill Laborers,0.19374334602401794,0.19374334602401794,1
OCCUPATION_TYPE_Realty agents,0.015375493748818515,0.015375493748818515,1
OCCUPATION_TYPE_Secretaries,0.07399239761534795,0.07399239761534795,1
OCCUPATION_TYPE_IT staff,-0.04843639388342786,0.04843639388342786,-1
OCCUPATION_TYPE_HR staff,0.01723980528266057,0.01723980528266057,1
WEEKDAY_APPR_PROCESS_START_WEDNESDAY,0.043759139957785034,0.043759139957785034,1
WEEKDAY_APPR_PROCESS_START_MONDAY,-0.02839007181394306,0.02839007181394306,-1
WEEKDAY_APPR_PROCESS_START_THURSDAY,0.03770192645922425,0.03770192645922425,1
WEEKDAY_APPR_PROCESS_START_SUNDAY,-0.09631185383873216,0.09631185383873216,-1
WEEKDAY_APPR_PROCESS_START_SATURDAY,-0.035422477333645064,0.035422477333645064,-1
WEEKDAY_APPR_PROCESS_START_FRIDAY,0.032748040663340326,0.032748040663340326,1
WEEKDAY_APPR_PROCESS_START_TUESDAY,0.04382640017911139,0.04382640017911139,1
ORGANIZATION_TYPE_Business Entity Type 3,0.1092920041621164,0.1092920041621164,1
ORGANIZATION_TYPE_School,-0.10628712829402176,0.10628712829402176,-1
ORGANIZATION_TYPE_Government,-0.051383024296235785,0.051383024296235785,-1
ORGANIZATION_TYPE_Religion,-0.012730100397071998,0.012730100397071998,-1
ORGANIZATION_TYPE_Other,-0.00028660716641462766,0.00028660716641462766,-1
ORGANIZATION_TYPE_XNA,-0.017557929186468327,0.017557929186468327,-1
ORGANIZATION_TYPE_Electricity,-0.07507359599208667,0.07507359599208667,-1
ORGANIZATION_TYPE_Medicine,0.010699503161427672,0.010699503161427672,1
ORGANIZATION_TYPE_Business Entity Type 2,0.07277456617436599,0.07277456617436599,1
ORGANIZATION_TYPE_Self-employed,0.141443847384062,0.141443847384062,1
ORGANIZATION_TYPE_Transport: type 2,0.012422098041604159,0.012422098041604159,1
ORGANIZATION_TYPE_Construction,0.24066804197548813,0.24066804197548813,1
ORGANIZATION_TYPE_Housing,-0.0019421755372593878,0.0019421755372593878,-1
ORGANIZATION_TYPE_Kindergarten,-0.020711095726406618,0.020711095726406618,-1
ORGANIZATION_TYPE_Trade: type 7,0.035038062704234485,0.035038062704234485,1
ORGANIZATION_TYPE_Industry: type 11,0.023062523059159016,0.023062523059159016,1
ORGANIZATION_TYPE_Military,-0.28552029945815754,0.28552029945815754,-1
ORGANIZATION_TYPE_Services,0.048102056960081754,0.048102056960081754,1
ORGANIZATION_TYPE_Security Ministries,-0.19264777807550806,0.19264777807550806,-1
ORGANIZATION_TYPE_Transport: type 4,0.0920427720923206,0.0920427720923206,1
ORGANIZATION_TYPE_Industry: type 1,0.0291464657273384,0.0291464657273384,1
ORGANIZATION_TYPE_Emergency,-0.024518381549487458,0.024518381549487458,-1
ORGANIZATION_TYPE_Security,-0.049360740984881704,0.049360740984881704,-1
ORGANIZATION_TYPE_Trade: type 2,-0.1882299467455261,0.1882299467455261,-1
ORGANIZATION_TYPE_University,-0.033101547441938425,0.033101547441938425,-1
ORGANIZATION_TYPE_Transport: type 3,0.328686099986883,0.328686099986883,1
ORGANIZATION_TYPE_Police,-0.08902522659551279,0.08902522659551279,-1
ORGANIZATION_TYPE_Business Entity Type 1,0.01770260979491109,0.01770260979491109,1
ORGANIZATION_TYPE_Postal,0.08922233424267792,0.08922233424267792,1
ORGANIZATION_TYPE_Industry: type 4,0.036144642640554926,0.036144642640554926,1
ORGANIZATION_TYPE_Agriculture,0.08192738444231616,0.08192738444231616,1
ORGANIZATION_TYPE_Restaurant,0.11892013625626058,0.11892013625626058,1
ORGANIZATION_TYPE_Culture,0.02096938440729971,0.02096938440729971,1
ORGANIZATION_TYPE_Hotel,-0.14070838850249034,0.14070838850249034,-1
ORGANIZATION_TYPE_Industry: type 7,-0.03485321207280241,0.03485321207280241,-1
ORGANIZATION_TYPE_Trade: type 3,0.12893351742972303,0.12893351742972303,1
ORGANIZATION_TYPE_Industry: type 3,0.0452380052347676,0.0452380052347676,1
ORGANIZATION_TYPE_Bank,-0.15802490942230482,0.15802490942230482,-1
ORGANIZATION_TYPE_Industry: type 9,-0.2524123490180519,0.2524123490180519,-1
ORGANIZATION_TYPE_Insurance,0.044940472792361255,0.044940472792361255,1
ORGANIZATION_TYPE_Trade: type 6,-0.07261608688125236,0.07261608688125236,-1
ORGANIZATION_TYPE_Industry: type 2,-0.0402112893976599,0.0402112893976599,-1
ORGANIZATION_TYPE_Transport: type 1,-0.03530320758669123,0.03530320758669123,-1
ORGANIZATION_TYPE_Industry: type 12,-0.08822390263104507,0.08822390263104507,-1
ORGANIZATION_TYPE_Mobile,0.06492225771109698,0.06492225771109698,1
ORGANIZATION_TYPE_Trade: type 1,0.012319912071684815,0.012319912071684815,1
ORGANIZATION_TYPE_Industry: type 5,-0.1326875384871891,0.1326875384871891,-1
ORGANIZATION_TYPE_Industry: type 10,-0.007317245348706255,0.007317245348706255,-1
ORGANIZATION_TYPE_Legal Services,0.06194220648004452,0.06194220648004452,1
ORGANIZATION_TYPE_Advertising,0.040006975715465395,0.040006975715465395,1
ORGANIZATION_TYPE_Trade: type 5,-0.024775106612263564,0.024775106612263564,-1
ORGANIZATION_TYPE_Cleaning,0.013316283097865486,0.013316283097865486,1
ORGANIZATION_TYPE_Industry: type 13,-0.030256419356609443,0.030256419356609443,-1
ORGANIZATION_TYPE_Trade: type 4,-0.03450192068066364,0.03450192068066364,-1
ORGANIZATION_TYPE_Telecom,0.08746306203701101,0.08746306203701101,1
ORGANIZATION_TYPE_Industry: type 8,-0.0006330685857357459,0.0006330685857357459,-1
ORGANIZATION_TYPE_Realtor,0.19477151663481532,0.19477151663481532,1
ORGANIZATION_TYPE_Industry: type 6,-0.003307416114358357,0.003307416114358357,-1
FONDKAPREMONT_MODE_reg oper account,-0.025237151847368536,0.025237151847368536,-1
FONDKAPREMONT_MODE_manquant,0.0,0.0,0
FONDKAPREMONT_MODE_org spec account,-0.10298744363128763,0.10298744363128763,-1
FONDKAPREMONT_MODE_reg oper spec account,-0.13063409896746836,0.13063409896746836,-1
FONDKAPREMONT_MODE_not specified,0.004495725120789003,0.004495725120789003,1
HOUSETYPE_MODE_block of flats,0.03737241954248787,0.03737241954248787,1
HOUSETYPE_MODE_manquant,0.0,0.0,0
HOUSETYPE_MODE_terraced house,0.0019041878688107648,0.0019041878688107648,1
HOUSETYPE_MODE_specific housing,0.13336773686667935,0.13336773686667935,1
"WALLSMATERIAL_MODE_Stone, brick",0.040045646599893014,0.040045646599893014,1
WALLSMATERIAL_MODE_Block,-0.02065734354076187,0.02065734354076187,-1
WALLSMATERIAL_MODE_manquant,0.0,0.0,0
WALLSMATERIAL_MODE_Panel,-0.02616419951395486,0.02616419951395486,-1
WALLSMATERIAL_MODE_Mixed,0.05484601525180617,0.05484601525180617,1
WALLSMATERIAL_MODE_Wooden,-0.031679645397232725,0.031679645397232725,-1
WALLSMATERIAL_MODE_Others,0.15162379447619062,0.15162379447619062,1
WALLSMATERIAL_MODE_Monolithic,-0.05778028881883876,0.05778028881883876,-1
EMERGENCYSTATE_MODE_No,-0.04137491064007217,0.04137491064007217,-1
EMERGENCYSTATE_MODE_manquant,0.0,0.0,0
EMERGENCYSTATE_MODE_Yes,-0.040057922709362856,0.040057922709362856,-1
BURO_CREDIT_ACTIVE_LIST_CLASSE_Closed,-0.13604719219467604,0.13604719219467604,-1
BURO_CREDIT_ACTIVE_LIST_CLASSE_manquant,0.0,0.0,0
BURO_CREDIT_ACTIVE_LIST_CLASSE_Active,-0.016070734407409814,0.016070734407409814,-1
BURO_CREDIT_ACTIVE_LIST_CLASSE_Sold,0.044528253977307884,0.044528253977307884,1
BURO_CREDIT_ACTIVE_LIST_CLASSE_Bad debt,-0.004996358338333474,0.004996358338333474,-1
BURO_CREDIT_CURRENCY_LIST_CLASSE_currency 1,-0.15432722702547105,0.15432722702547105,-1
BURO_CREDIT_CURRENCY_LIST_CLASSE_manquant,0.0,0.0,0
BURO_CREDIT_CURRENCY_LIST_CLASSE_currency 2,0.029949793290718316,0.029949793290718316,1
BURO_CREDIT_CURRENCY_LIST_CLASSE_currency 3,0.011791402771637543,0.011791402771637543,1
BURO_CREDIT_TYPE_LIST_CLASSE_Credit card,-0.04222054266879833,0.04222054266879833,-1
BURO_CREDIT_TYPE_LIST_CLASSE_Consumer credit,-0.019567985963632552,0.019567985963632552,-1
BURO_CREDIT_TYPE_LIST_CLASSE_manquant,0.0,0.0,0
BURO_CREDIT_TYPE_LIST_CLASSE_Microloan,0.37781045129480334,0.37781045129480334,1
BURO_CREDIT_TYPE_LIST_CLASSE_Car loan,-0.09025616748303823,0.09025616748303823,-1
BURO_CREDIT_TYPE_LIST_CLASSE_Mortgage,-0.21212719328674298,0.21212719328674298,-1
BURO_CREDIT_TYPE_LIST_CLASSE_Loan for working capital replenishment,-0.02321400709317716,0.02321400709317716,-1
BURO_CREDIT_TYPE_LIST_CLASSE_Another type of loan,-0.04522741272746339,0.04522741272746339,-1
BURO_CREDIT_TYPE_LIST_CLASSE_Unknown type of loan,-0.032821768032995,0.032821768032995,-1
BURO_CREDIT_TYPE_LIST_CLASSE_Loan for business development,-0.014623671952312978,0.014623671952312978,-1
BURO_CREDIT_TYPE_LIST_CLASSE_Real estate loan,-0.004375275931110747,0.004375275931110747,-1
BURO_CREDIT_TYPE_LIST_CLASSE_Loan for purchase of shares (margin lending),0.0,0.0,0
BURO_CREDIT_TYPE_LIST_CLASSE_Cash loan (non-earmarked),-0.003213649691710626,0.003213649691710626,-1
BURO_CREDIT_TYPE_LIST_CLASSE_Loan for the purchase of equipment,-0.002748807426937324,0.002748807426937324,-1
PREV_NAME_CONTRACT_TYPE_LIST_CLASSE_Consumer loans,-0.013720970212592271,0.013720970212592271,-1
PREV_NAME_CONTRACT_TYPE_LIST_CLASSE_Revolving loans,-0.000606065439277201,0.000606065439277201,-1
PREV_NAME_CONTRACT_TYPE_LIST_CLASSE_Cash loans,-0.015327866241421944,0.015327866241421944,-1
PREV_NAME_CONTRACT_TYPE_LIST_CLASSE_manquant,0.0,0.0,0
PREV_NAME_CONTRACT_TYPE_LIST_CLASSE_XNA,-0.014123281190864785,0.014123281190864785,-1
PREV_WEEKDAY_APPR_PROCESS_START_LIST_CLASSE_SATURDAY,-0.03916647355384129,0.03916647355384129,-1
PREV_WEEKDAY_APPR_PROCESS_START_LIST_CLASSE_SUNDAY,-0.030626610194787032,0.030626610194787032,-1
PREV_WEEKDAY_APPR_PROCESS_START_LIST_CLASSE_FRIDAY,0.021878987521602028,0.021878987521602028,1
PREV_WEEKDAY_APPR_PROCESS_START_LIST_CLASSE_THURSDAY,-0.003112878039007782,0.003112878039007782,-1
PREV_WEEKDAY_APPR_PROCESS_START_LIST_CLASSE_TUESDAY,-0.021988579700387735,0.021988579700387735,-1
PREV_WEEKDAY_APPR_PROCESS_START_LIST_CLASSE_MONDAY,0.025754199988872854,0.025754199988872854,1
PREV_WEEKDAY_APPR_PROCESS_START_LIST_CLASSE_WEDNESDAY,0.0034831708933894022,0.0034831708933894022,1
PREV_WEEKDAY_APPR_PROCESS_START_LIST_CLASSE_manquant,0.0,0.0,0
PREV_FLAG_LAST_APPL_PER_CONTRACT_LIST_CLASSE_Y,-0.06058934279670524,0.06058934279670524,-1
PREV_FLAG_LAST_APPL_PER_CONTRACT_LIST_CLASSE_manquant,0.0,0.0,0
PREV_FLAG_LAST_APPL_PER_CONTRACT_LIST_CLASSE_N,0.01681115971256171,0.01681115971256171,1
PREV_NAME_CASH_LOAN_PURPOSE_LIST_CLASSE_XAP,0.004357840168764945,0.004357840168764945,1
PREV_NAME_CASH_LOAN_PURPOSE_LIST_CLASSE_XNA,0.02089862396694276,0.02089862396694276,1
PREV_NAME_CASH_LOAN_PURPOSE_LIST_CLASSE_manquant,0.0,0.0,0
PREV_NAME_CASH_LOAN_PURPOSE_LIST_CLASSE_Buying a used car,-0.0569907226207409,0.0569907226207409,-1
PREV_NAME_CASH_LOAN_PURPOSE_LIST_CLASSE_Repairs,0.047452168526084054,0.047452168526084054,1
PREV_NAME_CASH_LOAN_PURPOSE_LIST_CLASSE_Other,-0.014072748628925984,0.014072748628925984,-1
PREV_NAME_CASH_LOAN_PURPOSE_LIST_CLASSE_Education,-0.06778026311060252,0.06778026311060252,-1
PREV_NAME_CASH_LOAN_PURPOSE_LIST_CLASSE_Urgent needs,0.12798037084537892,0.12798037084537892,1
PREV_NAME_CASH_LOAN_PURPOSE_LIST_CLASSE_Building a house or an annex,-0.022599932337264674,0.022599932337264674,-1
PREV_NAME_CASH_LOAN_PURPOSE_LIST_CLASSE_Car repairs,0.06077177956157679,0.06077177956157679,1
PREV_NAME_CASH_LOAN_PURPOSE_LIST_CLASSE_Everyday expenses,-0.10403360455687463,0.10403360455687463,-1
PREV_NAME_CASH_LOAN_PURPOSE_LIST_CLASSE_Medicine,0.0016345397186820537,0.0016345397186820537,1
PREV_NAME_CASH_LOAN_PURPOSE_LIST_CLASSE_Furniture,-0.03646973330839836,0.03646973330839836,-1
PREV_NAME_CASH_LOAN_PURPOSE_LIST_CLASSE_Purchase of electronic equipment,-0.048048561352252786,0.048048561352252786,-1
PREV_NAME_CASH_LOAN_PURPOSE_LIST_CLASSE_Payments on other loans,0.05235725609993096,0.05235725609993096,1
PREV_NAME_CASH_LOAN_PURPOSE_LIST_CLASSE_Buying a new car,-0.0775547688725887,0.0775547688725887,-1
PREV_NAME_CASH_LOAN_PURPOSE_LIST_CLASSE_Buying a home,-0.05317229546435287,0.05317229546435287,-1
PREV_NAME_CASH_LOAN_PURPOSE_LIST_CLASSE_Wedding / gift / holiday,0.021457459650340127,0.021457459650340127,1
PREV_NAME_CASH_LOAN_PURPOSE_LIST_CLASSE_Buying a holiday home / land,0.0063833188050166,0.0063833188050166,1
PREV_NAME_CASH_LOAN_PURPOSE_LIST_CLASSE_Business development,-0.02932766419524159,0.02932766419524159,-1
PREV_NAME_CASH_LOAN_PURPOSE_LIST_CLASSE_Journey,0.06615110328529913,0.06615110328529913,1
PREV_NAME_CASH_LOAN_PURPOSE_LIST_CLASSE_Gasification / water supply,0.04154204993748765,0.04154204993748765,1
PREV_NAME_CASH_LOAN_PURPOSE_LIST_CLASSE_Hobby,0.02104269191508414,0.02104269191508414,1
PREV_NAME_CASH_LOAN_PURPOSE_LIST_CLASSE_Buying a garage,-0.008030927089666644,0.008030927089666644,-1
PREV_NAME_CASH_LOAN_PURPOSE_LIST_CLASSE_Refusal to name the goal,-0.0011745649012438269,0.0011745649012438269,-1
PREV_NAME_CASH_LOAN_PURPOSE_LIST_CLASSE_Money for a third person,0.003448400873405104,0.003448400873405104,1
PREV_NAME_CONTRACT_STATUS_LIST_CLASSE_Approved,-0.04408998553645561,0.04408998553645561,-1
PREV_NAME_CONTRACT_STATUS_LIST_CLASSE_Canceled,-0.030684510706488713,0.030684510706488713,-1
PREV_NAME_CONTRACT_STATUS_LIST_CLASSE_manquant,0.0,0.0,0
PREV_NAME_CONTRACT_STATUS_LIST_CLASSE_Refused,0.05744294805108542,0.05744294805108542,1
PREV_NAME_CONTRACT_STATUS_LIST_CLASSE_Unused offer,-0.026446634892297885,0.026446634892297885,-1
PREV_NAME_PAYMENT_TYPE_LIST_CLASSE_XNA,0.01920767160261743,0.01920767160261743,1
PREV_NAME_PAYMENT_TYPE_LIST_CLASSE_Cash through the bank,0.01596380164118034,0.01596380164118034,1
PREV_NAME_PAYMENT_TYPE_LIST_CLASSE_manquant,0.0,0.0,0
PREV_NAME_PAYMENT_TYPE_LIST_CLASSE_Non-cash from your account,-0.05815542359307986,0.05815542359307986,-1
PREV_NAME_PAYMENT_TYPE_LIST_CLASSE_Cashless from the account of the employer,-0.02079423273487206,0.02079423273487206,-1
PREV_CODE_REJECT_REASON_LIST_CLASSE_XAP,0.043696017492863615,0.043696017492863615,1
PREV_CODE_REJECT_REASON_LIST_CLASSE_manquant,0.0,0.0,0
PREV_CODE_REJECT_REASON_LIST_CLASSE_SCO,-0.10526074444136481,0.10526074444136481,-1
PREV_CODE_REJECT_REASON_LIST_CLASSE_LIMIT,0.06969233478823614,0.06969233478823614,1
PREV_CODE_REJECT_REASON_LIST_CLASSE_HC,0.04949502911523448,0.04949502911523448,1
PREV_CODE_REJECT_REASON_LIST_CLASSE_CLIENT,-0.09564439313861392,0.09564439313861392,-1
PREV_CODE_REJECT_REASON_LIST_CLASSE_SCOFR,0.06843169442226953,0.06843169442226953,1
PREV_CODE_REJECT_REASON_LIST_CLASSE_XNA,-0.01821671873573984,0.01821671873573984,-1
PREV_CODE_REJECT_REASON_LIST_CLASSE_VERIF,-0.0691747132133975,0.0691747132133975,-1
PREV_CODE_REJECT_REASON_LIST_CLASSE_SYSTEM,0.013203310626367102,0.013203310626367102,1
PREV_NAME_TYPE_SUITE_LIST_CLASSE_manquant,0.0,0.0,0
PREV_NAME_TYPE_SUITE_LIST_CLASSE_Family,0.01910824741235437,0.01910824741235437,1
PREV_NAME_TYPE_SUITE_LIST_CLASSE_Unaccompanied,-0.00686489925117603,0.00686489925117603,-1
PREV_NAME_TYPE_SUITE_LIST_CLASSE_Children,0.023432704054763054,0.023432704054763054,1
"PREV_NAME_TYPE_SUITE_LIST_CLASSE_Spouse, partner",0.05581248172732881,0.05581248172732881,1
PREV_NAME_TYPE_SUITE_LIST_CLASSE_Other_B,0.06821458328045289,0.06821458328045289,1
PREV_NAME_TYPE_SUITE_LIST_CLASSE_Other_A,0.055484273417355616,0.055484273417355616,1
PREV_NAME_TYPE_SUITE_LIST_CLASSE_Group of people,-0.03326388528648567,0.03326388528648567,-1
PREV_NAME_CLIENT_TYPE_LIST_CLASSE_New,0.021820265350089966,0.021820265350089966,1
PREV_NAME_CLIENT_TYPE_LIST_CLASSE_Refreshed,-0.04654307685992388,0.04654307685992388,-1
PREV_NAME_CLIENT_TYPE_LIST_CLASSE_Repeater,-0.03271409612664832,0.03271409612664832,-1
PREV_NAME_CLIENT_TYPE_LIST_CLASSE_XNA,0.013658724552327453,0.013658724552327453,1
PREV_NAME_CLIENT_TYPE_LIST_CLASSE_manquant,0.0,0.0,0
PREV_NAME_GOODS_CATEGORY_LIST_CLASSE_Vehicles,0.029954572850021507,0.029954572850021507,1
PREV_NAME_GOODS_CATEGORY_LIST_CLASSE_Furniture,-0.07264811204530144,0.07264811204530144,-1
PREV_NAME_GOODS_CATEGORY_LIST_CLASSE_Mobile,-0.01900078508014138,0.01900078508014138,-1
PREV_NAME_GOODS_CATEGORY_LIST_CLASSE_Audio/Video,-0.0140681775319458,0.0140681775319458,-1
PREV_NAME_GOODS_CATEGORY_LIST_CLASSE_XNA,0.03334020425805736,0.03334020425805736,1
PREV_NAME_GOODS_CATEGORY_LIST_CLASSE_Clothing and Accessories,0.017589160480920837,0.017589160480920837,1
PREV_NAME_GOODS_CATEGORY_LIST_CLASSE_Consumer Electronics,0.01214511826243337,0.01214511826243337,1
PREV_NAME_GOODS_CATEGORY_LIST_CLASSE_manquant,0.0,0.0,0
PREV_NAME_GOODS_CATEGORY_LIST_CLASSE_Computers,-0.054029841440124717,0.054029841440124717,-1
PREV_NAME_GOODS_CATEGORY_LIST_CLASSE_Homewares,-0.03592097258989305,0.03592097258989305,-1
PREV_NAME_GOODS_CATEGORY_LIST_CLASSE_Photo / Cinema Equipment,-0.023062247513789245,0.023062247513789245,-1
PREV_NAME_GOODS_CATEGORY_LIST_CLASSE_Other,0.0712891838730349,0.0712891838730349,1
PREV_NAME_GOODS_CATEGORY_LIST_CLASSE_Gardening,-0.11539474622063985,0.11539474622063985,-1
PREV_NAME_GOODS_CATEGORY_LIST_CLASSE_Construction Materials,0.05328589161873134,0.05328589161873134,1
PREV_NAME_GOODS_CATEGORY_LIST_CLASSE_Sport and Leisure,-0.05784517642775924,0.05784517642775924,-1
PREV_NAME_GOODS_CATEGORY_LIST_CLASSE_Medicine,0.143105917868053,0.143105917868053,1
PREV_NAME_GOODS_CATEGORY_LIST_CLASSE_Office Appliances,-0.07442331925980182,0.07442331925980182,-1
PREV_NAME_GOODS_CATEGORY_LIST_CLASSE_Jewelry,0.03237396345607775,0.03237396345607775,1
PREV_NAME_GOODS_CATEGORY_LIST_CLASSE_Tourism,-0.02341444633515581,0.02341444633515581,-1
PREV_NAME_GOODS_CATEGORY_LIST_CLASSE_Weapon,0.005121630310698443,0.005121630310698443,1
PREV_NAME_GOODS_CATEGORY_LIST_CLASSE_Auto Accessories,-0.04256655593992081,0.04256655593992081,-1
PREV_NAME_GOODS_CATEGORY_LIST_CLASSE_Direct Sales,0.13485399234583811,0.13485399234583811,1
PREV_NAME_GOODS_CATEGORY_LIST_CLASSE_Fitness,-0.03853688129021171,0.03853688129021171,-1
PREV_NAME_GOODS_CATEGORY_LIST_CLASSE_Medical Supplies,-0.02601812858403412,0.02601812858403412,-1
PREV_NAME_GOODS_CATEGORY_LIST_CLASSE_Additional Service,-0.006432356119469247,0.006432356119469247,-1
PREV_NAME_GOODS_CATEGORY_LIST_CLASSE_Education,-0.03330796313354817,0.03330796313354817,-1
PREV_NAME_GOODS_CATEGORY_LIST_CLASSE_Insurance,0.059831891103708464,0.059831891103708464,1
PREV_NAME_PORTFOLIO_LIST_CLASSE_POS,-0.007314468524181823,0.007314468524181823,-1
PREV_NAME_PORTFOLIO_LIST_CLASSE_Cash,0.011220375390716863,0.011220375390716863,1
PREV_NAME_PORTFOLIO_LIST_CLASSE_XNA,-0.013650823772869457,0.013650823772869457,-1
PREV_NAME_PORTFOLIO_LIST_CLASSE_Cards,-0.009109371822935903,0.009109371822935903,-1
PREV_NAME_PORTFOLIO_LIST_CLASSE_manquant,0.0,0.0,0
PREV_NAME_PORTFOLIO_LIST_CLASSE_Cars,-0.024923894354885442,0.024923894354885442,-1
PREV_NAME_PRODUCT_TYPE_LIST_CLASSE_XNA,-0.014231085483117484,0.014231085483117484,-1
PREV_NAME_PRODUCT_TYPE_LIST_CLASSE_x-sell,-0.04373545426952399,0.04373545426952399,-1
PREV_NAME_PRODUCT_TYPE_LIST_CLASSE_manquant,0.0,0.0,0
PREV_NAME_PRODUCT_TYPE_LIST_CLASSE_walk-in,0.014188356668486373,0.014188356668486373,1
PREV_CHANNEL_TYPE_LIST_CLASSE_Stone,0.02744499340365646,0.02744499340365646,1
PREV_CHANNEL_TYPE_LIST_CLASSE_Regional / Local,0.007128886378890861,0.007128886378890861,1
PREV_CHANNEL_TYPE_LIST_CLASSE_Country-wide,0.05063410874456985,0.05063410874456985,1
PREV_CHANNEL_TYPE_LIST_CLASSE_AP+ (Cash loan),0.15877786503720287,0.15877786503720287,1
PREV_CHANNEL_TYPE_LIST_CLASSE_Credit and cash offices,0.0037985420786352834,0.0037985420786352834,1
PREV_CHANNEL_TYPE_LIST_CLASSE_manquant,0.0,0.0,0
PREV_CHANNEL_TYPE_LIST_CLASSE_Channel of corporate sales,-0.21531270149163934,0.21531270149163934,-1
PREV_CHANNEL_TYPE_LIST_CLASSE_Contact center,0.016437411797223002,0.016437411797223002,1
PREV_CHANNEL_TYPE_LIST_CLASSE_Car dealer,-0.09268728903270226,0.09268728903270226,-1
PREV_NAME_SELLER_INDUSTRY_LIST_CLASSE_Auto technology,0.10486750265522342,0.10486750265522342,1
PREV_NAME_SELLER_INDUSTRY_LIST_CLASSE_Furniture,-0.058005013528707586,0.058005013528707586,-1
PREV_NAME_SELLER_INDUSTRY_LIST_CLASSE_Connectivity,0.10535022754915076,0.10535022754915076,1
PREV_NAME_SELLER_INDUSTRY_LIST_CLASSE_Consumer electronics,0.0110436956021154,0.0110436956021154,1
PREV_NAME_SELLER_INDUSTRY_LIST_CLASSE_XNA,0.04869205710417739,0.04869205710417739,1
PREV_NAME_SELLER_INDUSTRY_LIST_CLASSE_manquant,0.0,0.0,0
PREV_NAME_SELLER_INDUSTRY_LIST_CLASSE_Clothing,-0.04994990203740886,0.04994990203740886,-1
PREV_NAME_SELLER_INDUSTRY_LIST_CLASSE_Industry,-0.03134312804000059,0.03134312804000059,-1
PREV_NAME_SELLER_INDUSTRY_LIST_CLASSE_Construction,-0.10032855369780161,0.10032855369780161,-1
PREV_NAME_SELLER_INDUSTRY_LIST_CLASSE_Jewelry,-0.04893147886145186,0.04893147886145186,-1
PREV_NAME_SELLER_INDUSTRY_LIST_CLASSE_Tourism,-0.020671421198042664,0.020671421198042664,-1
PREV_NAME_SELLER_INDUSTRY_LIST_CLASSE_MLM partners,-0.004502168631412663,0.004502168631412663,-1
PREV_NAME_YIELD_GROUP_LIST_CLASSE_low_normal,-0.030034466623043467,0.030034466623043467,-1
PREV_NAME_YIELD_GROUP_LIST_CLASSE_middle,0.001045679170518502,0.001045679170518502,1
PREV_NAME_YIELD_GROUP_LIST_CLASSE_high,0.06007575252748913,0.06007575252748913,1
PREV_NAME_YIELD_GROUP_LIST_CLASSE_XNA,0.015037056839029159,0.015037056839029159,1
PREV_NAME_YIELD_GROUP_LIST_CLASSE_low_action,-0.08990220499814744,0.08990220499814744,-1
PREV_NAME_YIELD_GROUP_LIST_CLASSE_manquant,0.0,0.0,0
PREV_PRODUCT_COMBINATION_LIST_CLASSE_POS other with interest,0.04913155039860629,0.04913155039860629,1
PREV_PRODUCT_COMBINATION_LIST_CLASSE_POS industry with interest,-0.02537095449737835,0.02537095449737835,-1
PREV_PRODUCT_COMBINATION_LIST_CLASSE_POS mobile without interest,0.002591920505287161,0.002591920505287161,1
PREV_PRODUCT_COMBINATION_LIST_CLASSE_Cash X-Sell: high,0.03356708334938049,0.03356708334938049,1
PREV_PRODUCT_COMBINATION_LIST_CLASSE_POS household with interest,0.05790048133258063,0.05790048133258063,1
PREV_PRODUCT_COMBINATION_LIST_CLASSE_POS mobile with interest,0.027150212246663592,0.027150212246663592,1
PREV_PRODUCT_COMBINATION_LIST_CLASSE_POS household without interest,-0.06407099376676066,0.06407099376676066,-1
PREV_PRODUCT_COMBINATION_LIST_CLASSE_POS industry without interest,-0.05182003706979596,0.05182003706979596,-1
PREV_PRODUCT_COMBINATION_LIST_CLASSE_Card X-Sell,0.07632755368069036,0.07632755368069036,1
PREV_PRODUCT_COMBINATION_LIST_CLASSE_manquant,0.0,0.0,0
PREV_PRODUCT_COMBINATION_LIST_CLASSE_Cash X-Sell: middle,0.055046433228192373,0.055046433228192373,1
PREV_PRODUCT_COMBINATION_LIST_CLASSE_Cash Street: low,-0.14264212709197135,0.14264212709197135,-1
PREV_PRODUCT_COMBINATION_LIST_CLASSE_Card Street,0.0048658383797099015,0.0048658383797099015,1
PREV_PRODUCT_COMBINATION_LIST_CLASSE_Cash,-0.040133062859170864,0.040133062859170864,-1
PREV_PRODUCT_COMBINATION_LIST_CLASSE_Cash Street: high,0.09908315177310614,0.09908315177310614,1
PREV_PRODUCT_COMBINATION_LIST_CLASSE_Cash Street: middle,-0.023393089273333733,0.023393089273333733,-1
PREV_PRODUCT_COMBINATION_LIST_CLASSE_Cash X-Sell: low,-0.056972080404009966,0.056972080404009966,-1
PREV_PRODUCT_COMBINATION_LIST_CLASSE_POS others without interest,-0.07024571531776061,0.07024571531776061,-1
POS_NAME_CONTRACT_STATUS_LIST_CLASSE_Active,0.019408617412551645,0.019408617412551645,1
POS_NAME_CONTRACT_STATUS_LIST_CLASSE_Completed,-0.04210830772953851,0.04210830772953851,-1
POS_NAME_CONTRACT_STATUS_LIST_CLASSE_manquant,0.0,0.0,0
POS_NAME_CONTRACT_STATUS_LIST_CLASSE_Signed,0.031160204603276762,0.031160204603276762,1
POS_NAME_CONTRACT_STATUS_LIST_CLASSE_Returned to the store,0.09075436057329551,0.09075436057329551,1
POS_NAME_CONTRACT_STATUS_LIST_CLASSE_Approved,-0.13342791308405955,0.13342791308405955,-1
POS_NAME_CONTRACT_STATUS_LIST_CLASSE_Demand,0.13580744607535894,0.13580744607535894,1
POS_NAME_CONTRACT_STATUS_LIST_CLASSE_Canceled,-0.003028475024693428,0.003028475024693428,-1
CC_NAME_CONTRACT_STATUS_LIST_CLASSE_manquant,0.0,0.0,0
CC_NAME_CONTRACT_STATUS_LIST_CLASSE_Active,-0.26741399947671907,0.26741399947671907,-1
CC_NAME_CONTRACT_STATUS_LIST_CLASSE_Completed,-0.13079777786164223,0.13079777786164223,-1
CC_NAME_CONTRACT_STATUS_LIST_CLASSE_Signed,-0.05815766133196286,0.05815766133196286,-1
CC_NAME_CONTRACT_STATUS_LIST_CLASSE_Sent proposal,-0.004733860510326175,0.004733860510326175,-1
CC_NAME_CONTRACT_STATUS_LIST_CLASSE_Demand,-0.006565333263794533,0.006565333263794533,-1
